price;rating;total_reviews;availability_status;product_dimensions;weight;number_special_features;key_company;key_battery_power;key_product
45900.0;4.2;4;Only 1 left in stock.;16.5 x 7.6 x 0.7 cm;167.0;35;b43dfc9f-2341-11ee-bbca-3c9c0f728f90;b44d0a01-2341-11ee-b396-3c9c0f728f90;b456f2d5-2341-11ee-ae4e-3c9c0f728f90
9490.0;4.3;47;In stock.;15 x 1 x 7.5 cm;161.0;2;b43dfca0-2341-11ee-98c7-3c9c0f728f90;b44d0a02-2341-11ee-b844-3c9c0f728f90;b456f2d6-2341-11ee-99d1-3c9c0f728f90
44000.0;4.2;327;In stock.;16.3 x 7.5 x 0.8 cm;196.0;4;b43dfca1-2341-11ee-8e8b-3c9c0f728f90;b44d0a03-2341-11ee-bcf4-3c9c0f728f90;b456f2d7-2341-11ee-8cca-3c9c0f728f90
21490.0;4.3;11236;In stock.;16.1 x 7.6 x 0.9 cm;175.0;7;b43dfca1-2341-11ee-8e8b-3c9c0f728f90;b44d0a04-2341-11ee-85a9-3c9c0f728f90;b456f2d8-2341-11ee-9841-3c9c0f728f90
39999.0;4.4;1238;In stock.;15.4 x 0.9 x 7.4 cm;199.0;12;b43dfca2-2341-11ee-b32c-3c9c0f728f90;b44d0a05-2341-11ee-b332-3c9c0f728f90;b456f2d9-2341-11ee-9bbc-3c9c0f728f90
9490.0;4.3;48;In stock.;0.9 x 7.6 x 16.4 cm;196.0;2;b43dfca3-2341-11ee-9fdf-3c9c0f728f90;b44d0a03-2341-11ee-bcf4-3c9c0f728f90;b456f2da-2341-11ee-880d-3c9c0f728f90
10999.0;4.3;9;Only 1 left in stock.;16.39 x 7.53 x 0.85 cm;193.0;13;b43dfca1-2341-11ee-8e8b-3c9c0f728f90;b44d0a06-2341-11ee-819c-3c9c0f728f90;b456f2db-2341-11ee-a504-3c9c0f728f90
775.0;4.3;15;In stock.;16.2 x 1 x 7.7 cm;141.75;5;b43dfca1-2341-11ee-8e8b-3c9c0f728f90;b44d0a07-2341-11ee-ad63-3c9c0f728f90;b456f2dc-2341-11ee-b5c6-3c9c0f728f90
41990.0;2.0;4489;Only 1 left in stock.;16.6 x 7.6 x 0.8 cm;0.37;4;b43dfc9f-2341-11ee-bbca-3c9c0f728f90;b44d0a08-2341-11ee-87f0-3c9c0f728f90;b456f2dd-2341-11ee-a9e6-3c9c0f728f90
9999.0;2.5;13;In stock.;16 x 0.7 x 7.5 cm;840.0;2;b43dfca4-2341-11ee-bf6d-3c9c0f728f90;b44d0a09-2341-11ee-9140-3c9c0f728f90;b456f2de-2341-11ee-9a1a-3c9c0f728f90
7299.0;4.3;46;Only 1 left in stock.;16.5 x 7.6 x 0.7 cm;180.0;11;b43dfc9f-2341-11ee-bbca-3c9c0f728f90;b44d0a05-2341-11ee-b332-3c9c0f728f90;b456f2df-2341-11ee-a52a-3c9c0f728f90
36499.0;3.3;5264;In stock.;15.9 x 0.8 x 7.6 cm;194.0;2;b43dfca5-2341-11ee-841b-3c9c0f728f90;b44d0a05-2341-11ee-b332-3c9c0f728f90;b456f2e0-2341-11ee-894c-3c9c0f728f90
8999.0;4.0;4;In stock.;0.8 x 7.4 x 16.1 cm;69.0;6;b43dfca6-2341-11ee-a69e-3c9c0f728f90;b44d0a03-2341-11ee-bcf4-3c9c0f728f90;b456f2e1-2341-11ee-99b3-3c9c0f728f90
6999.0;3.1;3814;Only 1 left in stock.;16.2 x 1 x 7.7 cm;196.0;5;b43dfc9f-2341-11ee-bbca-3c9c0f728f90;b44d0a0a-2341-11ee-9eb2-3c9c0f728f90;b456f2e2-2341-11ee-aa9e-3c9c0f728f90
19990.0;3.7;402;In stock.;15.8 x 8.2 x 5.5 cm;209.0;12;b43dfca7-2341-11ee-b899-3c9c0f728f90;b44d0a0b-2341-11ee-bcd5-3c9c0f728f90;b456f2e3-2341-11ee-8583-3c9c0f728f90
41999.0;4.1;35;In stock.;16.6 x 7.6 x 0.9 cm;199.0;4;b43dfca8-2341-11ee-a0bd-3c9c0f728f90;b44d0a0c-2341-11ee-a8e3-3c9c0f728f90;b456f2e4-2341-11ee-a0d5-3c9c0f728f90
1329.0;4.1;52867;In stock on July 28 2021.;16 x 0.8 x 7.4 cm;197.0;5;b43dfca1-2341-11ee-8e8b-3c9c0f728f90;b44d0a0a-2341-11ee-9eb2-3c9c0f728f90;b456f2e5-2341-11ee-afe4-3c9c0f728f90
42299.0;4.0;77740;In stock.;16.5 x 7.6 x 1 cm;141.0;2;b43dfc9f-2341-11ee-bbca-3c9c0f728f90;b44d0a0d-2341-11ee-943a-3c9c0f728f90;b456f2e6-2341-11ee-8b38-3c9c0f728f90
42299.0;4.2;8;In stock.;16 x 0.7 x 7.5 cm;215.0;4;b43dfca9-2341-11ee-a0e9-3c9c0f728f90;b44d0a0a-2341-11ee-9eb2-3c9c0f728f90;b456f2e7-2341-11ee-bbf5-3c9c0f728f90
10490.0;5.0;1396;In stock.;16.5 x 0.9 x 7.4 cm;199.0;5;b43dfca1-2341-11ee-8e8b-3c9c0f728f90;b44d0a0e-2341-11ee-b7d0-3c9c0f728f90;b456f2e8-2341-11ee-8cf0-3c9c0f728f90
14999.0;4.2;392;In stock.;16.3 x 0.9 x 7.8 cm;450.0;5;b43dfca9-2341-11ee-a0e9-3c9c0f728f90;b44d0a0f-2341-11ee-82d9-3c9c0f728f90;b456f2e9-2341-11ee-b047-3c9c0f728f90
6999.0;4.2;2103;In stock on August 28 2021.;15.9 x 0.8 x 7.6 cm;196.0;13;b43dfcaa-2341-11ee-8754-3c9c0f728f90;b44d0a03-2341-11ee-bcf4-3c9c0f728f90;b456f2ea-2341-11ee-8f24-3c9c0f728f90
7699.0;3.4;952;In stock.;16.39 x 7.53 x 0.85 cm;196.0;5;b43dfcab-2341-11ee-9194-3c9c0f728f90;b44d0a10-2341-11ee-ba5d-3c9c0f728f90;b456f2eb-2341-11ee-80d1-3c9c0f728f90
9998.0;4.3;1238;Only 2 left in stock.;18.5 x 9.91 x 4.83 cm;199.0;1;b43dfca8-2341-11ee-a0bd-3c9c0f728f90;b44d0a10-2341-11ee-ba5d-3c9c0f728f90;b456f2ec-2341-11ee-b2c5-3c9c0f728f90
14900.0;4.2;18;In stock.;16 x 0.8 x 7.5 cm;215.0;13;b43dfca5-2341-11ee-841b-3c9c0f728f90;b44d0a08-2341-11ee-87f0-3c9c0f728f90;b456f2ed-2341-11ee-8ef0-3c9c0f728f90
22990.0;4.3;21078;In stock.;16.2 x 1 x 7.7 cm;196.0;16;b43dfca1-2341-11ee-8e8b-3c9c0f728f90;b44d0a11-2341-11ee-b3a5-3c9c0f728f90;b456f2ee-2341-11ee-aae5-3c9c0f728f90
19990.0;4.1;9;In stock.;0.9 x 7.4 x 15.9 cm;185.5;5;b43dfca4-2341-11ee-bf6d-3c9c0f728f90;b44d0a03-2341-11ee-bcf4-3c9c0f728f90;b456f2ef-2341-11ee-9b1f-3c9c0f728f90
15990.0;4.0;2705;Out of stock.;15.9 x 0.8 x 7.4 cm;190.0;11;b43dfcab-2341-11ee-9194-3c9c0f728f90;b44d0a12-2341-11ee-b674-3c9c0f728f90;b456f2f0-2341-11ee-8184-3c9c0f728f90
49990.0;4.3;489;Only 1 left in stock.;16 x 0.8 x 7.5 cm;188.0;17;b43dfca1-2341-11ee-8e8b-3c9c0f728f90;b44d0a03-2341-11ee-bcf4-3c9c0f728f90;b456f2f1-2341-11ee-8657-3c9c0f728f90
20499.0;4.3;4133;In stock.;16.5 x 0.9 x 7.6 cm;420.0;6;b43dfca1-2341-11ee-8e8b-3c9c0f728f90;b44d0a13-2341-11ee-8fcb-3c9c0f728f90;b456f2f2-2341-11ee-b50c-3c9c0f728f90
41999.0;3.7;25;In stock on August 17 2021.;15.85 x 7.33 x 0.84 cm;480.0;11;b43dfcaa-2341-11ee-8754-3c9c0f728f90;b44d0a0b-2341-11ee-bcd5-3c9c0f728f90;b456f2f3-2341-11ee-9b5a-3c9c0f728f90
23999.0;4.2;411;Out of stock.;16.5 x 0.8 x 7.5 cm;157.0;5;b43dfc9f-2341-11ee-bbca-3c9c0f728f90;b44d0a14-2341-11ee-8db7-3c9c0f728f90;b456f2f4-2341-11ee-8dac-3c9c0f728f90
29990.0;4.2;388;In stock.;0.9 x 7.6 x 16.4 cm;218.0;5;b43dfca1-2341-11ee-8e8b-3c9c0f728f90;b44d0a15-2341-11ee-91fb-3c9c0f728f90;b456f2f5-2341-11ee-b4e1-3c9c0f728f90
43999.0;4.1;5;Out of stock.;16.1 x 0.9 x 7.7 cm;198.0;5;b43dfca4-2341-11ee-bf6d-3c9c0f728f90;b44d0a0f-2341-11ee-82d9-3c9c0f728f90;b456f2f6-2341-11ee-9f2d-3c9c0f728f90
38799.0;2.3;39;In stock.;16.39 x 7.53 x 0.85 cm;184.0;5;b43dfcab-2341-11ee-9194-3c9c0f728f90;b44d0a16-2341-11ee-a822-3c9c0f728f90;b456f2f7-2341-11ee-ad43-3c9c0f728f90
10499.0;4.5;701;In stock.;16.37 x 0.78 x 7.64 cm;177.0;1;b43dfcac-2341-11ee-ba62-3c9c0f728f90;b44d0a03-2341-11ee-bcf4-3c9c0f728f90;b456f2f8-2341-11ee-9404-3c9c0f728f90
11490.0;4.0;20993;In stock on August 28 2021.;16.54 x 7.59 x 0.92 cm;209.0;3;b43dfcad-2341-11ee-ab07-3c9c0f728f90;b44d0a17-2341-11ee-8ed4-3c9c0f728f90;b456f2f9-2341-11ee-b87e-3c9c0f728f90
17380.0;4.2;4;In stock on August 19 2021.;15.4 x 0.7 x 7.4 cm;180.0;7;b43dfcae-2341-11ee-97a1-3c9c0f728f90;b44d0a02-2341-11ee-b844-3c9c0f728f90;b456f2fa-2341-11ee-92b9-3c9c0f728f90
29999.0;2.9;62;Only 2 left in stock.;16.3 x 7.5 x 0.8 cm;187.0;8;b43dfca0-2341-11ee-98c7-3c9c0f728f90;b44d0a0f-2341-11ee-82d9-3c9c0f728f90;b456f2fb-2341-11ee-839d-3c9c0f728f90
59999.0;4.1;93164;Out of stock.;16.3 x 0.9 x 7.8 cm;213.0;6;b43dfc9f-2341-11ee-bbca-3c9c0f728f90;b44d0a04-2341-11ee-85a9-3c9c0f728f90;b456f2fc-2341-11ee-a8cf-3c9c0f728f90
6899.0;3.4;327;In stock.;16.1 x 0.9 x 7.6 cm;188.0;2;b43dfca4-2341-11ee-bf6d-3c9c0f728f90;b44d0a18-2341-11ee-8bf0-3c9c0f728f90;b456f2fd-2341-11ee-9052-3c9c0f728f90
39999.0;4.0;489;Out of stock.;0.9 x 7.6 x 16.4 cm;172.0;2;b43dfca9-2341-11ee-a0e9-3c9c0f728f90;b44d0a19-2341-11ee-94b2-3c9c0f728f90;b456f2fe-2341-11ee-acaf-3c9c0f728f90
6999.0;4.2;65795;Out of stock.;0.9 x 7.4 x 15.9 cm;500.0;14;b43dfc9f-2341-11ee-bbca-3c9c0f728f90;b44d0a0b-2341-11ee-bcd5-3c9c0f728f90;b456f2ff-2341-11ee-ac3a-3c9c0f728f90
20990.0;4.4;1963;In stock on August 23 2021.;16.3 x 7.6 x 0.85 cm;173.0;11;b43dfca1-2341-11ee-8e8b-3c9c0f728f90;b44d0a1a-2341-11ee-885a-3c9c0f728f90;b456f300-2341-11ee-a4dc-3c9c0f728f90
1762.6;3.9;1220;In stock.;17.2 x 0.9 x 7.8 cm;188.0;11;b43dfca9-2341-11ee-a0e9-3c9c0f728f90;b44d0a15-2341-11ee-91fb-3c9c0f728f90;b456f301-2341-11ee-98f2-3c9c0f728f90
31999.0;5.0;14576;In stock.;0.8 x 7.4 x 15.9 cm;215.0;8;b43dfca1-2341-11ee-8e8b-3c9c0f728f90;b44d0a1b-2341-11ee-803f-3c9c0f728f90;b456f302-2341-11ee-abab-3c9c0f728f90
6799.0;4.5;49080;In stock.;16.4 x 0.8 x 7.6 cm;188.0;5;b43dfca8-2341-11ee-a0bd-3c9c0f728f90;b44d0a04-2341-11ee-85a9-3c9c0f728f90;b456f303-2341-11ee-969a-3c9c0f728f90
35990.0;4.3;27;In stock.;16.4 x 0.8 x 7.6 cm;188.0;32;b43dfca8-2341-11ee-a0bd-3c9c0f728f90;b44d0a19-2341-11ee-94b2-3c9c0f728f90;b456f304-2341-11ee-9113-3c9c0f728f90
17990.0;4.1;44;In stock.;16.5 x 7.6 x 1 cm;197.0;8;b43dfca1-2341-11ee-8e8b-3c9c0f728f90;b44d0a12-2341-11ee-b674-3c9c0f728f90;b456f305-2341-11ee-b7da-3c9c0f728f90
10490.0;3.1;30056;In stock.;16.3 x 7.6 x 0.85 cm;194.0;11;b43dfca1-2341-11ee-8e8b-3c9c0f728f90;b44d0a1c-2341-11ee-af77-3c9c0f728f90;b456f306-2341-11ee-9587-3c9c0f728f90
11490.0;4.3;4984;In stock.;15.9 x 0.8 x 7.6 cm;196.0;5;b43dfca1-2341-11ee-8e8b-3c9c0f728f90;b44d0a0f-2341-11ee-82d9-3c9c0f728f90;b456f307-2341-11ee-8db1-3c9c0f728f90
11999.0;4.4;383;In stock.;16.5 x 7.6 x 1 cm;196.0;5;b43dfc9f-2341-11ee-bbca-3c9c0f728f90;b44d0a0a-2341-11ee-9eb2-3c9c0f728f90;b456f308-2341-11ee-9a77-3c9c0f728f90
24999.0;4.3;4984;In stock.;16 x 7.4 x 0.7 cm;420.0;16;b43dfc9f-2341-11ee-bbca-3c9c0f728f90;b44d0a0a-2341-11ee-9eb2-3c9c0f728f90;b456f309-2341-11ee-ac3b-3c9c0f728f90
29990.0;4.3;2705;In stock.;16.5 x 7.6 x 0.9 cm;196.0;7;b43dfca0-2341-11ee-98c7-3c9c0f728f90;b44d0a1d-2341-11ee-a3b9-3c9c0f728f90;b456f30a-2341-11ee-bd80-3c9c0f728f90
33990.0;3.4;5;In stock.;16.39 x 7.53 x 0.85 cm;196.0;12;b43dfca1-2341-11ee-8e8b-3c9c0f728f90;b44d0a1e-2341-11ee-9076-3c9c0f728f90;b456f30b-2341-11ee-b9f7-3c9c0f728f90
14999.0;4.3;769;Out of stock.;16.52 x 7.57 x 0.92 cm;176.0;2;b43dfca8-2341-11ee-a0bd-3c9c0f728f90;b44d0a01-2341-11ee-b396-3c9c0f728f90;b456f30c-2341-11ee-9a11-3c9c0f728f90
24899.0;4.1;2935;Only 1 left in stock.;16 x 7.4 x 0.7 cm;177.0;3;b43dfcaf-2341-11ee-bb83-3c9c0f728f90;b44d0a1f-2341-11ee-b1e3-3c9c0f728f90;b456f30d-2341-11ee-bc87-3c9c0f728f90
11499.0;4.3;1963;In stock.;15.9 x 0.8 x 7.4 cm;179.0;4;b43dfca8-2341-11ee-a0bd-3c9c0f728f90;b44d0a20-2341-11ee-a86f-3c9c0f728f90;b456f30e-2341-11ee-bac5-3c9c0f728f90
14999.0;4.1;5264;In stock.;16.2 x 7.5 x 0.9 cm;216.0;4;b43dfca0-2341-11ee-98c7-3c9c0f728f90;b44d0a21-2341-11ee-97f2-3c9c0f728f90;b456f30f-2341-11ee-83ae-3c9c0f728f90
39999.0;4.3;310;In stock.;16.1 x 0.9 x 7.7 cm;172.0;11;b43dfca1-2341-11ee-8e8b-3c9c0f728f90;b44d0a03-2341-11ee-bcf4-3c9c0f728f90;b456f310-2341-11ee-9ec4-3c9c0f728f90
31999.0;3.8;708;In stock.;16.4 x 7.6 x 0.8 cm;192.0;28;b43dfca4-2341-11ee-bf6d-3c9c0f728f90;b44d0a22-2341-11ee-9bce-3c9c0f728f90;b456f311-2341-11ee-93d8-3c9c0f728f90
34990.0;3.9;539;In stock.;16.39 x 7.53 x 0.85 cm;185.5;12;b43dfca8-2341-11ee-a0bd-3c9c0f728f90;b44d0a1e-2341-11ee-9076-3c9c0f728f90;b456f312-2341-11ee-9477-3c9c0f728f90
7699.0;4.3;1;In stock.;16.5 x 0.9 x 7.7 cm;202.0;5;b43dfc9f-2341-11ee-bbca-3c9c0f728f90;b44d0a03-2341-11ee-bcf4-3c9c0f728f90;b456f313-2341-11ee-a381-3c9c0f728f90
15490.0;4.3;9;In stock.;15.6 x 0.9 x 7.5 cm;172.0;5;b43dfca9-2341-11ee-a0e9-3c9c0f728f90;b44d0a20-2341-11ee-a86f-3c9c0f728f90;b456f314-2341-11ee-82ff-3c9c0f728f90
24800.0;4.2;4489;In stock.;0.9 x 7.6 x 16.4 cm;192.0;32;b43dfca1-2341-11ee-8e8b-3c9c0f728f90;b44d0a1c-2341-11ee-af77-3c9c0f728f90;b456f315-2341-11ee-b694-3c9c0f728f90
23999.0;4.1;411;In stock.;0.9 x 7.6 x 16.4 cm;175.0;2;b43dfc9f-2341-11ee-bbca-3c9c0f728f90;b44d0a15-2341-11ee-91fb-3c9c0f728f90;b456f316-2341-11ee-8bd2-3c9c0f728f90
7499.0;4.2;21689;In stock.;16.05 x 0.83 x 7.45 cm;188.0;32;b43dfcb0-2341-11ee-becd-3c9c0f728f90;b44d0a03-2341-11ee-bcf4-3c9c0f728f90;b456f317-2341-11ee-a387-3c9c0f728f90
21999.0;3.5;21077;In stock.;15.7 x 0.8 x 1.5 cm;170.0;6;b43dfcab-2341-11ee-9194-3c9c0f728f90;b44d0a1f-2341-11ee-b1e3-3c9c0f728f90;b456f318-2341-11ee-b459-3c9c0f728f90
41999.0;4.1;26;In stock.;16.4 x 0.9 x 7.6 cm;169.0;2;b43dfc9f-2341-11ee-bbca-3c9c0f728f90;b44d0a04-2341-11ee-85a9-3c9c0f728f90;b456f319-2341-11ee-b48c-3c9c0f728f90
20990.0;4.3;3137;Out of stock.;0.84 x 7.45 x 15.98 cm;213.0;2;b43dfca8-2341-11ee-a0bd-3c9c0f728f90;b44d0a22-2341-11ee-9bce-3c9c0f728f90;b456f31a-2341-11ee-b045-3c9c0f728f90
10999.0;3.7;14576;Out of stock.;16.3 x 7.6 x 1 cm;170.0;12;b43dfcb1-2341-11ee-baa4-3c9c0f728f90;b44d0a23-2341-11ee-9cda-3c9c0f728f90;b456f31b-2341-11ee-9b52-3c9c0f728f90
20990.0;3.6;1;In stock.;16 x 0.8 x 7.3 cm;194.0;5;b43dfca1-2341-11ee-8e8b-3c9c0f728f90;b44d0a0b-2341-11ee-bcd5-3c9c0f728f90;b456f31c-2341-11ee-8b14-3c9c0f728f90
45999.0;4.0;205;In stock.;16 x 0.8 x 7.5 cm;192.0;22;b43dfcb0-2341-11ee-becd-3c9c0f728f90;b44d0a1a-2341-11ee-885a-3c9c0f728f90;b456f31d-2341-11ee-930b-3c9c0f728f90
13849.0;4.6;708;In stock.;17.9 x 9.3 x 6.2 cm;196.0;14;b43dfca0-2341-11ee-98c7-3c9c0f728f90;b44d0a23-2341-11ee-9cda-3c9c0f728f90;b456f31e-2341-11ee-b1b9-3c9c0f728f90
49990.0;4.1;9;In stock.;0.9 x 7.4 x 15.9 cm;185.5;12;b43dfca8-2341-11ee-a0bd-3c9c0f728f90;b44d0a17-2341-11ee-8ed4-3c9c0f728f90;b456f31f-2341-11ee-bbe1-3c9c0f728f90
35990.0;4.3;985;Out of stock.;15.9 x 0.8 x 7.4 cm;214.0;7;b43dfcaa-2341-11ee-8754-3c9c0f728f90;b44d0a24-2341-11ee-9d14-3c9c0f728f90;b456f320-2341-11ee-9705-3c9c0f728f90
10499.0;4.4;4573;In stock.;14.4 x 7.6 x 0.82 cm;690.0;35;b43dfca4-2341-11ee-bf6d-3c9c0f728f90;b44d0a1e-2341-11ee-9076-3c9c0f728f90;b456f321-2341-11ee-aebb-3c9c0f728f90
29990.0;4.3;11624;In stock.;15.8 x 0.9 x 7.5 cm;199.0;8;b43dfca1-2341-11ee-8e8b-3c9c0f728f90;b44d0a0a-2341-11ee-9eb2-3c9c0f728f90;b456f322-2341-11ee-a3b8-3c9c0f728f90
45900.0;4.2;70126;In stock.;16.1 x 7.4 x 0.7 cm;170.0;16;b43dfca1-2341-11ee-8e8b-3c9c0f728f90;b44d0a0f-2341-11ee-82d9-3c9c0f728f90;b456f323-2341-11ee-b432-3c9c0f728f90
40799.1;3.8;1238;In stock.;16.5 x 0.9 x 7.4 cm;188.0;21;b43dfcb2-2341-11ee-ac3f-3c9c0f728f90;b44d0a0b-2341-11ee-bcd5-3c9c0f728f90;b456f324-2341-11ee-b2d6-3c9c0f728f90
15999.0;4.3;961;In stock.;16.39 x 7.53 x 0.85 cm;196.0;6;b43dfca1-2341-11ee-8e8b-3c9c0f728f90;b44d0a0f-2341-11ee-82d9-3c9c0f728f90;b456f325-2341-11ee-b00b-3c9c0f728f90
29999.0;4.5;35;In stock.;16.1 x 0.8 x 7.4 cm;157.0;2;b43dfcae-2341-11ee-97a1-3c9c0f728f90;b44d0a0f-2341-11ee-82d9-3c9c0f728f90;b456f326-2341-11ee-8e93-3c9c0f728f90
23190.0;3.9;785;Only 2 left in stock.;17.78 x 7.62 x 6.35 cm;196.0;15;b43dfcae-2341-11ee-97a1-3c9c0f728f90;b44d0a1c-2341-11ee-af77-3c9c0f728f90;b456f327-2341-11ee-bc12-3c9c0f728f90
5699.0;4.1;3623;Only 1 left in stock.;16.2 x 7.5 x 0.9 cm;188.0;2;b43dfca4-2341-11ee-bf6d-3c9c0f728f90;b44d0a05-2341-11ee-b332-3c9c0f728f90;b456f328-2341-11ee-9107-3c9c0f728f90
1312.0;3.9;4984;In stock.;16.4 x 0.8 x 7.5 cm;198.0;3;b43dfca4-2341-11ee-bf6d-3c9c0f728f90;b44d0a21-2341-11ee-97f2-3c9c0f728f90;b456f329-2341-11ee-9686-3c9c0f728f90
8899.0;4.3;13;In stock on August 26 2021.;16.6 x 7.6 x 0.9 cm;180.0;4;b43dfca9-2341-11ee-a0e9-3c9c0f728f90;b44d0a25-2341-11ee-96c7-3c9c0f728f90;b456f32a-2341-11ee-bfbd-3c9c0f728f90
49999.0;4.1;67307;In stock.;16.4 x 0.8 x 7.6 cm;172.0;11;b43dfca1-2341-11ee-8e8b-3c9c0f728f90;b44d0a26-2341-11ee-b6fa-3c9c0f728f90;b456f32b-2341-11ee-8d14-3c9c0f728f90
27999.0;4.2;724;In stock.;16.5 x 0.9 x 7.7 cm;360.0;28;b43dfca4-2341-11ee-bf6d-3c9c0f728f90;b44d0a0f-2341-11ee-82d9-3c9c0f728f90;b456f32c-2341-11ee-af08-3c9c0f728f90
5032.0;4.4;489;In stock.;14.5 x 7.4 x 1 cm;196.0;5;b43dfcb3-2341-11ee-b32d-3c9c0f728f90;b44d0a15-2341-11ee-91fb-3c9c0f728f90;b456f32d-2341-11ee-a856-3c9c0f728f90
6999.0;4.2;392;In stock on July 24 2021.;16.6 x 0.9 x 7.7 cm;192.0;2;b43dfc9f-2341-11ee-bbca-3c9c0f728f90;b44d0a04-2341-11ee-85a9-3c9c0f728f90;b456f32e-2341-11ee-88e6-3c9c0f728f90
12490.0;3.1;88;In stock.;9 x 6 x 4 cm;186.0;7;b43dfcb4-2341-11ee-b390-3c9c0f728f90;b44d0a21-2341-11ee-97f2-3c9c0f728f90;b456f32f-2341-11ee-977c-3c9c0f728f90
11490.0;4.3;1340;In stock.;0.8 x 7.4 x 16.1 cm;196.0;15;b43dfca9-2341-11ee-a0e9-3c9c0f728f90;b44d0a0f-2341-11ee-82d9-3c9c0f728f90;b456f330-2341-11ee-a042-3c9c0f728f90
18499.0;4.0;332;In stock.;16.1 x 7.6 x 0.9 cm;170.0;2;b43dfcb5-2341-11ee-bd0d-3c9c0f728f90;b44d0a0a-2341-11ee-9eb2-3c9c0f728f90;b456f331-2341-11ee-b494-3c9c0f728f90
10999.0;4.4;7;In stock.;16 x 0.8 x 7.5 cm;196.0;7;b43dfcaa-2341-11ee-8754-3c9c0f728f90;b44d0a1e-2341-11ee-9076-3c9c0f728f90;b456f332-2341-11ee-91b4-3c9c0f728f90
27999.0;4.2;1;Only 1 left in stock.;16.3 x 7.6 x 1 cm;184.0;32;b43dfca4-2341-11ee-bf6d-3c9c0f728f90;b44d0a0f-2341-11ee-82d9-3c9c0f728f90;b456f333-2341-11ee-9cf1-3c9c0f728f90
31990.0;3.4;52867;In stock.;11.4 x 4.9 x 1.4 cm;215.0;7;b43dfcb6-2341-11ee-8bbf-3c9c0f728f90;b44d0a03-2341-11ee-bcf4-3c9c0f728f90;b456f334-2341-11ee-9a08-3c9c0f728f90
10999.0;4.1;6981;In stock.;16 x 7.3 x 0.8 cm;190.0;11;b43dfca4-2341-11ee-bf6d-3c9c0f728f90;b44d0a17-2341-11ee-8ed4-3c9c0f728f90;b456f335-2341-11ee-9ffc-3c9c0f728f90
9999.0;3.5;20;In stock.;16.3 x 7.6 x 0.85 cm;400.0;6;b43dfca9-2341-11ee-a0e9-3c9c0f728f90;b44d0a04-2341-11ee-85a9-3c9c0f728f90;b456f336-2341-11ee-8c06-3c9c0f728f90
24990.0;4.0;46;In stock.;16.3 x 0.9 x 7.5 cm;185.5;7;b43dfcad-2341-11ee-ab07-3c9c0f728f90;b44d0a01-2341-11ee-b396-3c9c0f728f90;b456f337-2341-11ee-a93e-3c9c0f728f90
24999.0;3.9;9;In stock.;16.37 x 0.78 x 7.64 cm;199.0;5;b43dfca9-2341-11ee-a0e9-3c9c0f728f90;b44d0a27-2341-11ee-86c5-3c9c0f728f90;b456f338-2341-11ee-9f90-3c9c0f728f90
24480.0;3.9;708;In stock.;15.9 x 0.9 x 7.4 cm;213.0;2;b43dfcae-2341-11ee-97a1-3c9c0f728f90;b44d0a28-2341-11ee-b13f-3c9c0f728f90;b456f339-2341-11ee-bb82-3c9c0f728f90
14999.0;4.1;77740;In stock on August 15 2021.;16.5 x 7.6 x 0.9 cm;206.0;7;b43dfcab-2341-11ee-9194-3c9c0f728f90;b44d0a29-2341-11ee-a6f8-3c9c0f728f90;b456f33a-2341-11ee-8f35-3c9c0f728f90
17990.0;4.2;37;In stock.;8 x 4 x 6 cm;177.0;10;b43dfca4-2341-11ee-bf6d-3c9c0f728f90;b44d0a10-2341-11ee-ba5d-3c9c0f728f90;b456f33b-2341-11ee-a74c-3c9c0f728f90
17990.0;4.2;20;In stock.;16.4 x 0.9 x 7.5 cm;173.0;12;b43dfca1-2341-11ee-8e8b-3c9c0f728f90;b44d0a1e-2341-11ee-9076-3c9c0f728f90;b456f33c-2341-11ee-b2de-3c9c0f728f90
20000.0;4.2;2705;In stock.;18 x 9.2 x 6.1 cm;179.0;17;b43dfca8-2341-11ee-a0bd-3c9c0f728f90;b44d0a0f-2341-11ee-82d9-3c9c0f728f90;b456f33d-2341-11ee-837b-3c9c0f728f90
19999.0;4.4;5264;In stock.;0.9 x 7.4 x 15.9 cm;180.0;5;b43dfca1-2341-11ee-8e8b-3c9c0f728f90;b44d0a15-2341-11ee-91fb-3c9c0f728f90;b456f33e-2341-11ee-86c4-3c9c0f728f90
38999.0;4.4;11522;In stock.;0.9 x 7.6 x 16.4 cm;190.0;10;b43dfcae-2341-11ee-97a1-3c9c0f728f90;b44d0a28-2341-11ee-b13f-3c9c0f728f90;b456f33f-2341-11ee-813c-3c9c0f728f90
16490.0;3.5;11522;In stock.;16.4 x 7.6 x 0.8 cm;205.0;2;b43dfc9f-2341-11ee-bbca-3c9c0f728f90;b44d0a0f-2341-11ee-82d9-3c9c0f728f90;b456f340-2341-11ee-8ce1-3c9c0f728f90
32999.0;3.9;4984;In stock.;15.9 x 0.8 x 7.4 cm;180.0;12;b43dfcb7-2341-11ee-aa2b-3c9c0f728f90;b44d0a27-2341-11ee-86c5-3c9c0f728f90;b456f341-2341-11ee-9d63-3c9c0f728f90
39999.0;4.3;28;In stock.;16.3 x 7.6 x 1 cm;176.0;13;b43dfca1-2341-11ee-8e8b-3c9c0f728f90;b44d0a2a-2341-11ee-9fe9-3c9c0f728f90;b456f342-2341-11ee-bc62-3c9c0f728f90
13999.0;4.2;640;In stock.;7 x 14 x 1 cm;198.0;6;b43dfca4-2341-11ee-bf6d-3c9c0f728f90;b44d0a2b-2341-11ee-b9a0-3c9c0f728f90;b456f343-2341-11ee-90f8-3c9c0f728f90
29999.0;3.9;952;Available to ship in 1-2 days.;14.48 x 6.86 x 0.76 cm;198.0;2;b43dfc9f-2341-11ee-bbca-3c9c0f728f90;b44d0a0f-2341-11ee-82d9-3c9c0f728f90;b456f344-2341-11ee-b960-3c9c0f728f90
13999.0;3.9;3814;In stock.;16 x 7.5 x 0.7 cm;190.0;5;b43dfcb0-2341-11ee-becd-3c9c0f728f90;b44d0a07-2341-11ee-ad63-3c9c0f728f90;b456f345-2341-11ee-83ee-3c9c0f728f90
39999.0;3.4;66356;Out of stock.;16.5 x 0.9 x 7.4 cm;480.0;10;b43dfcad-2341-11ee-ab07-3c9c0f728f90;b44d0a03-2341-11ee-bcf4-3c9c0f728f90;b456f346-2341-11ee-81c8-3c9c0f728f90
38990.0;4.4;2463;In stock.;16.4 x 7.6 x 0.8 cm;190.0;17;b43dfca1-2341-11ee-8e8b-3c9c0f728f90;b44d0a0f-2341-11ee-82d9-3c9c0f728f90;b456f347-2341-11ee-840f-3c9c0f728f90
38999.0;4.1;11522;In stock.;7.5 x 0.8 x 16.4 cm;180.0;5;b43dfcaa-2341-11ee-8754-3c9c0f728f90;b44d0a2c-2341-11ee-b931-3c9c0f728f90;b456f348-2341-11ee-b69e-3c9c0f728f90
12490.0;4.4;449;Out of stock.;16.4 x 7.5 x 0.8 cm;202.0;10;b43dfca8-2341-11ee-a0bd-3c9c0f728f90;b44d0a18-2341-11ee-8bf0-3c9c0f728f90;b456f349-2341-11ee-89f4-3c9c0f728f90
41990.0;4.0;4;Only 1 left in stock.;16.5 x 0.8 x 7.6 cm;209.0;5;b43dfca1-2341-11ee-8e8b-3c9c0f728f90;b44d0a1c-2341-11ee-af77-3c9c0f728f90;b456f34a-2341-11ee-a823-3c9c0f728f90
34990.0;4.2;70;In stock.;15.6 x 0.9 x 7.5 cm;196.0;6;b43dfc9f-2341-11ee-bbca-3c9c0f728f90;b44d0a10-2341-11ee-ba5d-3c9c0f728f90;b456f34b-2341-11ee-95e9-3c9c0f728f90
35990.0;3.1;539;In stock.;16 x 0.8 x 7.3 cm;179.0;5;b43dfcab-2341-11ee-9194-3c9c0f728f90;b44d0a2d-2341-11ee-b48a-3c9c0f728f90;b456f34c-2341-11ee-bc53-3c9c0f728f90
39999.0;4.1;9;Out of stock.;16.5 x 0.8 x 7.5 cm;196.0;11;b43dfcb8-2341-11ee-ac98-3c9c0f728f90;b44d0a0f-2341-11ee-82d9-3c9c0f728f90;b456f34d-2341-11ee-bed3-3c9c0f728f90
7999.0;4.1;81;In stock.;16.3 x 7.6 x 1 cm;186.0;12;b43dfca1-2341-11ee-8e8b-3c9c0f728f90;b44d0a0f-2341-11ee-82d9-3c9c0f728f90;b456f34e-2341-11ee-ab0d-3c9c0f728f90
17990.0;4.1;9;Out of stock.;16.6 x 0.9 x 7.7 cm;180.0;12;b43dfc9f-2341-11ee-bbca-3c9c0f728f90;b44d0a2e-2341-11ee-a578-3c9c0f728f90;b456f34f-2341-11ee-bc8e-3c9c0f728f90
12490.0;3.5;616;Out of stock.;15.6 x 7.3 x 1 cm;192.0;16;b43dfc9f-2341-11ee-bbca-3c9c0f728f90;b44d0a17-2341-11ee-8ed4-3c9c0f728f90;b456f350-2341-11ee-bcba-3c9c0f728f90
10999.0;3.9;1922;Out of stock.;16 x 7.5 x 0.7 cm;196.0;7;b43dfc9f-2341-11ee-bbca-3c9c0f728f90;b44d0a20-2341-11ee-a86f-3c9c0f728f90;b456f351-2341-11ee-83d9-3c9c0f728f90
9999.0;4.2;2705;In stock.;16.4 x 0.8 x 7.6 cm;185.0;2;b43dfc9f-2341-11ee-bbca-3c9c0f728f90;b44d0a2f-2341-11ee-ab80-3c9c0f728f90;b456f352-2341-11ee-ae91-3c9c0f728f90
11499.0;3.4;20;In stock on August 30 2021.;16.37 x 0.78 x 7.68 cm;177.0;2;b43dfca4-2341-11ee-bf6d-3c9c0f728f90;b44d0a30-2341-11ee-b876-3c9c0f728f90;b456f353-2341-11ee-9cbc-3c9c0f728f90
34999.0;3.7;1238;In stock.;16 x 7.4 x 0.7 cm;173.0;11;b43dfcad-2341-11ee-ab07-3c9c0f728f90;b44d0a0f-2341-11ee-82d9-3c9c0f728f90;b456f354-2341-11ee-9815-3c9c0f728f90
7699.0;4.2;20993;In stock.;16.5 x 7.6 x 1 cm;188.0;2;b43dfcad-2341-11ee-ab07-3c9c0f728f90;b44d0a17-2341-11ee-8ed4-3c9c0f728f90;b456f355-2341-11ee-a6e1-3c9c0f728f90
11499.0;3.0;88;In stock.;16.37 x 0.78 x 7.64 cm;186.0;16;b43dfcad-2341-11ee-ab07-3c9c0f728f90;b44d0a05-2341-11ee-b332-3c9c0f728f90;b456f356-2341-11ee-bcc9-3c9c0f728f90
32990.0;5.0;1086;Only 1 left in stock.;16.5 x 7.6 x 0.9 cm;169.0;11;b43dfcb6-2341-11ee-8bbf-3c9c0f728f90;b44d0a0f-2341-11ee-82d9-3c9c0f728f90;b456f357-2341-11ee-8963-3c9c0f728f90
32990.0;4.1;8367;In stock.;16.3 x 7.6 x 0.85 cm;209.0;5;b43dfca4-2341-11ee-bf6d-3c9c0f728f90;b44d0a0f-2341-11ee-82d9-3c9c0f728f90;b456f358-2341-11ee-b03f-3c9c0f728f90
32290.0;4.2;49080;In stock.;17.9 x 9.3 x 6.3 cm;203.0;2;b43dfc9f-2341-11ee-bbca-3c9c0f728f90;b44d3134-2341-11ee-9114-3c9c0f728f90;b456f359-2341-11ee-9461-3c9c0f728f90
27999.0;4.3;79;In stock.;16 x 7.5 x 0.7 cm;185.5;13;b43dfca0-2341-11ee-98c7-3c9c0f728f90;b44d0a21-2341-11ee-97f2-3c9c0f728f90;b456f35a-2341-11ee-9e9b-3c9c0f728f90
16999.0;3.5;490;In stock.;16.5 x 7.6 x 0.9 cm;199.0;16;b43dfcab-2341-11ee-9194-3c9c0f728f90;b44d0a0f-2341-11ee-82d9-3c9c0f728f90;b456f35b-2341-11ee-9dae-3c9c0f728f90
16999.0;3.4;21077;Out of stock.;16.1 x 0.9 x 7.6 cm;161.0;13;b43dfca8-2341-11ee-a0bd-3c9c0f728f90;b44d0a15-2341-11ee-91fb-3c9c0f728f90;b456f35c-2341-11ee-ba4e-3c9c0f728f90
18499.0;4.0;388;Out of stock.;16.5 x 7.6 x 1 cm;186.0;5;b43dfca4-2341-11ee-bf6d-3c9c0f728f90;b44d0a10-2341-11ee-ba5d-3c9c0f728f90;b456f35d-2341-11ee-ba77-3c9c0f728f90
49999.0;3.5;708;In stock.;0.8 x 7.4 x 15.9 cm;214.0;13;b43dfcb9-2341-11ee-899e-3c9c0f728f90;b44d0a22-2341-11ee-9bce-3c9c0f728f90;b456f35e-2341-11ee-aa79-3c9c0f728f90
23999.0;4.0;4133;Out of stock.;16.5 x 7.6 x 0.9 cm;210.0;13;b43dfcba-2341-11ee-a666-3c9c0f728f90;b44d0a15-2341-11ee-91fb-3c9c0f728f90;b456f35f-2341-11ee-8508-3c9c0f728f90
12490.0;4.3;52867;Out of stock.;0.8 x 7.4 x 15.9 cm;730.0;3;b43dfc9f-2341-11ee-bbca-3c9c0f728f90;b44d3135-2341-11ee-92b5-3c9c0f728f90;b456f360-2341-11ee-afca-3c9c0f728f90
35999.0;4.3;46;In stock.;16 x 0.8 x 7.3 cm;180.0;2;b43dfcad-2341-11ee-ab07-3c9c0f728f90;b44d0a10-2341-11ee-ba5d-3c9c0f728f90;b456f361-2341-11ee-aa7a-3c9c0f728f90
36990.0;4.1;85525;In stock.;16.2 x 7.6 x 0.9 cm;198.0;11;b43dfc9f-2341-11ee-bbca-3c9c0f728f90;b44d0a01-2341-11ee-b396-3c9c0f728f90;b456f362-2341-11ee-b941-3c9c0f728f90
21217.0;3.9;769;In stock.;15.9 x 0.7 x 7.4 cm;157.0;2;b43dfca1-2341-11ee-8e8b-3c9c0f728f90;b44d0a27-2341-11ee-86c5-3c9c0f728f90;b456f363-2341-11ee-b821-3c9c0f728f90
24999.0;3.1;327;In stock.;16.4 x 0.8 x 7.6 cm;218.0;7;b43dfc9f-2341-11ee-bbca-3c9c0f728f90;b44d0a28-2341-11ee-b13f-3c9c0f728f90;b456f364-2341-11ee-b0f4-3c9c0f728f90
35990.0;3.7;3814;In stock.;16.3 x 7.6 x 0.85 cm;141.0;10;b43dfc9f-2341-11ee-bbca-3c9c0f728f90;b44d0a2f-2341-11ee-ab80-3c9c0f728f90;b456f365-2341-11ee-9c5f-3c9c0f728f90
15990.0;4.1;1646;In stock.;18 x 9.2 x 6.1 cm;196.0;5;b43dfc9f-2341-11ee-bbca-3c9c0f728f90;b44d0a03-2341-11ee-bcf4-3c9c0f728f90;b456f366-2341-11ee-a079-3c9c0f728f90
34999.0;3.8;13;In stock.;18 x 9.2 x 6.1 cm;186.0;8;b43dfca1-2341-11ee-8e8b-3c9c0f728f90;b44d3136-2341-11ee-937e-3c9c0f728f90;b456f367-2341-11ee-b28b-3c9c0f728f90
6649.0;4.3;9;Out of stock.;16.3 x 0.9 x 7.8 cm;300.0;9;b43dfca4-2341-11ee-bf6d-3c9c0f728f90;b44d0a04-2341-11ee-85a9-3c9c0f728f90;b456f368-2341-11ee-9673-3c9c0f728f90
31999.0;3.6;13703;In stock.;0.9 x 7.6 x 16.4 cm;196.0;15;b43dfca9-2341-11ee-a0e9-3c9c0f728f90;b44d0a21-2341-11ee-97f2-3c9c0f728f90;b456f369-2341-11ee-95e3-3c9c0f728f90
20990.0;4.1;785;In stock.;0.9 x 7.4 x 15.9 cm;196.0;6;b43dfc9f-2341-11ee-bbca-3c9c0f728f90;b44d3137-2341-11ee-b106-3c9c0f728f90;b456f36a-2341-11ee-9566-3c9c0f728f90
12999.0;4.6;71;Out of stock.;16.4 x 0.8 x 7.5 cm;165.0;5;b43dfc9f-2341-11ee-bbca-3c9c0f728f90;b44d0a0a-2341-11ee-9eb2-3c9c0f728f90;b456f36b-2341-11ee-96da-3c9c0f728f90
45900.0;3.8;4986;In stock.;16 x 0.8 x 7.5 cm;193.0;19;b43dfc9f-2341-11ee-bbca-3c9c0f728f90;b44d0a15-2341-11ee-91fb-3c9c0f728f90;b456f36c-2341-11ee-b61c-3c9c0f728f90
23999.0;3.7;2935;In stock.;16.37 x 0.78 x 7.64 cm;190.0;22;b43dfca9-2341-11ee-a0e9-3c9c0f728f90;b44d0a1c-2341-11ee-af77-3c9c0f728f90;b456f36d-2341-11ee-a2ff-3c9c0f728f90
29999.0;4.2;270;In stock.;15.8 x 0.8 x 7.3 cm;188.0;8;b43dfcb6-2341-11ee-8bbf-3c9c0f728f90;b44d0a01-2341-11ee-b396-3c9c0f728f90;b456f36e-2341-11ee-a057-3c9c0f728f90
7999.0;4.1;4133;In stock.;16.1 x 7.4 x 0.8 cm;206.0;7;b43dfca8-2341-11ee-a0bd-3c9c0f728f90;b44d3138-2341-11ee-a8c1-3c9c0f728f90;b456f36f-2341-11ee-b808-3c9c0f728f90
16999.0;4.2;539;In stock.;16 x 0.8 x 7.5 cm;392.0;5;b43dfca4-2341-11ee-bf6d-3c9c0f728f90;b44d0a1e-2341-11ee-9076-3c9c0f728f90;b456f370-2341-11ee-af7b-3c9c0f728f90
21999.0;4.0;27;In stock.;16.5 x 0.9 x 7.7 cm;193.0;13;b43dfc9f-2341-11ee-bbca-3c9c0f728f90;b44d0a0f-2341-11ee-82d9-3c9c0f728f90;b456f371-2341-11ee-98c8-3c9c0f728f90
37990.0;4.5;4986;In stock on August 25 2021.;16.6 x 0.9 x 7.7 cm;500.0;2;b43dfc9f-2341-11ee-bbca-3c9c0f728f90;b44d0a0f-2341-11ee-82d9-3c9c0f728f90;b456f372-2341-11ee-8f05-3c9c0f728f90
8999.0;4.1;1238;In stock.;16.37 x 0.78 x 7.64 cm;160.0;2;b43dfca4-2341-11ee-bf6d-3c9c0f728f90;b44d3139-2341-11ee-93ef-3c9c0f728f90;b456f373-2341-11ee-9792-3c9c0f728f90
22990.0;4.2;383;In stock.;16.37 x 0.78 x 7.68 cm;186.0;4;b43dfcab-2341-11ee-9194-3c9c0f728f90;b44d313a-2341-11ee-b408-3c9c0f728f90;b456f374-2341-11ee-9fbb-3c9c0f728f90
24596.0;4.0;66356;In stock.;16.5 x 0.9 x 7.7 cm;185.5;16;b43dfc9f-2341-11ee-bbca-3c9c0f728f90;b44d313b-2341-11ee-8415-3c9c0f728f90;b456f375-2341-11ee-b5eb-3c9c0f728f90
10499.0;4.2;411;In stock.;16.5 x 0.9 x 7.4 cm;183.0;2;b43dfca8-2341-11ee-a0bd-3c9c0f728f90;b44d3135-2341-11ee-92b5-3c9c0f728f90;b456f376-2341-11ee-8e09-3c9c0f728f90
37990.0;4.2;18;In stock.;0.8 x 7.4 x 16.1 cm;194.0;32;b43dfca4-2341-11ee-bf6d-3c9c0f728f90;b44d0a17-2341-11ee-8ed4-3c9c0f728f90;b456f377-2341-11ee-9a16-3c9c0f728f90
44990.0;4.2;2935;Only 1 left in stock.;16.37 x 0.78 x 7.64 cm;167.0;35;b43dfca4-2341-11ee-bf6d-3c9c0f728f90;b44d313c-2341-11ee-9ad0-3c9c0f728f90;b456f378-2341-11ee-ae2e-3c9c0f728f90
19990.0;4.0;4986;In stock.;16 x 0.8 x 7.5 cm;450.0;21;b43dfc9f-2341-11ee-bbca-3c9c0f728f90;b44d0a15-2341-11ee-91fb-3c9c0f728f90;b456f379-2341-11ee-82b3-3c9c0f728f90
14999.0;4.1;88;In stock.;0.9 x 7.4 x 15.9 cm;207.0;2;b43dfca4-2341-11ee-bf6d-3c9c0f728f90;b44d313d-2341-11ee-99bf-3c9c0f728f90;b456f37a-2341-11ee-8945-3c9c0f728f90
29999.0;3.4;539;In stock.;8 x 4 x 6 cm;196.0;13;b43dfca9-2341-11ee-a0e9-3c9c0f728f90;b44d0a24-2341-11ee-9d14-3c9c0f728f90;b456f37b-2341-11ee-9a5c-3c9c0f728f90
25990.0;4.1;70126;In stock.;16.4 x 7.6 x 0.8 cm;208.0;2;b43dfca4-2341-11ee-bf6d-3c9c0f728f90;b44d0a01-2341-11ee-b396-3c9c0f728f90;b45719e3-2341-11ee-9e90-3c9c0f728f90
21999.0;4.3;1963;In stock.;16.1 x 7.4 x 0.8 cm;218.0;32;b43dfca4-2341-11ee-bf6d-3c9c0f728f90;b44d0a18-2341-11ee-8bf0-3c9c0f728f90;b45719e4-2341-11ee-9313-3c9c0f728f90
4699.0;2.0;2935;In stock on July 26 2021.;16.39 x 7.53 x 0.85 cm;173.0;11;b43dfc9f-2341-11ee-bbca-3c9c0f728f90;b44d0a26-2341-11ee-b6fa-3c9c0f728f90;b45719e5-2341-11ee-b995-3c9c0f728f90
19999.0;4.2;11624;In stock.;15.5 x 7.5 x 0.8 cm;180.0;5;b43dfca1-2341-11ee-8e8b-3c9c0f728f90;b44d0a0f-2341-11ee-82d9-3c9c0f728f90;b45719e6-2341-11ee-8090-3c9c0f728f90
10999.0;4.5;21689;In stock.;16 x 0.8 x 7.5 cm;184.0;8;b43dfc9f-2341-11ee-bbca-3c9c0f728f90;b44d313e-2341-11ee-a23f-3c9c0f728f90;b45719e7-2341-11ee-93d2-3c9c0f728f90
8999.0;5.0;1043;In stock.;15.8 x 0.9 x 7.5 cm;198.0;11;b43dfca8-2341-11ee-a0bd-3c9c0f728f90;b44d0a04-2341-11ee-85a9-3c9c0f728f90;b45719e8-2341-11ee-8a37-3c9c0f728f90
31990.0;3.2;37;In stock on August 28 2021.;16.2 x 1 x 7.7 cm;179.0;8;b43dfcbb-2341-11ee-8db9-3c9c0f728f90;b44d0a15-2341-11ee-91fb-3c9c0f728f90;b45719e9-2341-11ee-ae11-3c9c0f728f90
37999.0;4.1;20;In stock.;14.4 x 1 x 7.4 cm;188.0;32;b43dfca1-2341-11ee-8e8b-3c9c0f728f90;b44d313f-2341-11ee-869c-3c9c0f728f90;b45719ea-2341-11ee-b91f-3c9c0f728f90
21999.0;4.5;4986;In stock.;16.1 x 0.7 x 7.4 cm;194.0;8;b43dfcad-2341-11ee-ab07-3c9c0f728f90;b44d0a02-2341-11ee-b844-3c9c0f728f90;b45719eb-2341-11ee-b689-3c9c0f728f90
25990.0;4.2;14576;In stock.;15.8 x 0.8 x 7.5 cm;190.0;8;b43dfca4-2341-11ee-bf6d-3c9c0f728f90;b44d3140-2341-11ee-9477-3c9c0f728f90;b45719ec-2341-11ee-b58c-3c9c0f728f90
10999.0;3.9;37;Only 1 left in stock.;16 x 7.3 x 0.8 cm;173.0;2;b43dfca4-2341-11ee-bf6d-3c9c0f728f90;b44d0a0a-2341-11ee-9eb2-3c9c0f728f90;b45719ed-2341-11ee-bdc6-3c9c0f728f90
29990.0;4.2;4986;In stock.;16.37 x 0.78 x 7.64 cm;196.0;3;b43dfca8-2341-11ee-a0bd-3c9c0f728f90;b44d0a10-2341-11ee-ba5d-3c9c0f728f90;b45719ee-2341-11ee-b799-3c9c0f728f90
10999.0;4.1;44;In stock.;16.9 x 0.9 x 7.6 cm;208.0;32;b43dfc9f-2341-11ee-bbca-3c9c0f728f90;b44d0a1c-2341-11ee-af77-3c9c0f728f90;b45719ef-2341-11ee-9c24-3c9c0f728f90
6999.0;4.2;67307;In stock on August 23 2021.;15.9 x 0.8 x 7.4 cm;185.5;5;b43dfca8-2341-11ee-a0bd-3c9c0f728f90;b44d0a0d-2341-11ee-943a-3c9c0f728f90;b45719f0-2341-11ee-b7d8-3c9c0f728f90
10999.0;4.3;21077;In stock.;16.5 x 7.6 x 0.7 cm;105.0;5;b43dfca4-2341-11ee-bf6d-3c9c0f728f90;b44d0a22-2341-11ee-9bce-3c9c0f728f90;b45719f1-2341-11ee-a962-3c9c0f728f90
21999.0;4.2;943;Only 1 left in stock.;16.4 x 0.8 x 7.6 cm;193.0;3;b43dfca8-2341-11ee-a0bd-3c9c0f728f90;b44d0a05-2341-11ee-b332-3c9c0f728f90;b45719f2-2341-11ee-aaad-3c9c0f728f90
9999.0;4.3;66356;In stock.;16.5 x 0.9 x 7.6 cm;191.0;7;b43dfc9f-2341-11ee-bbca-3c9c0f728f90;b44d0a0c-2341-11ee-a8e3-3c9c0f728f90;b45719f3-2341-11ee-9e12-3c9c0f728f90
13990.0;4.1;14576;In stock on August 5 2021.;16.9 x 7.5 x 0.8 cm;120.0;2;b43dfca9-2341-11ee-a0e9-3c9c0f728f90;b44d0a17-2341-11ee-8ed4-3c9c0f728f90;b45719f4-2341-11ee-9b45-3c9c0f728f90
44990.0;2.4;10;In stock.;16 x 0.8 x 7.4 cm;185.5;12;b43dfcad-2341-11ee-ab07-3c9c0f728f90;b44d0a10-2341-11ee-ba5d-3c9c0f728f90;b45719f5-2341-11ee-a4d7-3c9c0f728f90
7499.0;4.2;4;In stock.;16.39 x 7.53 x 0.85 cm;173.0;11;b43dfca9-2341-11ee-a0e9-3c9c0f728f90;b44d0a0f-2341-11ee-82d9-3c9c0f728f90;b45719f6-2341-11ee-9489-3c9c0f728f90
34949.0;4.2;49080;In stock.;0.9 x 7.69 x 16.52 cm;500.0;5;b43dfca1-2341-11ee-8e8b-3c9c0f728f90;b44d3141-2341-11ee-998e-3c9c0f728f90;b45719f7-2341-11ee-bd25-3c9c0f728f90
8999.0;4.1;985;In stock.;15.6 x 0.9 x 7.5 cm;900.0;15;b43dfc9f-2341-11ee-bbca-3c9c0f728f90;b44d3142-2341-11ee-a5c8-3c9c0f728f90;b45719f8-2341-11ee-98af-3c9c0f728f90
21999.0;4.1;588;In stock.;16 x 0.8 x 7.3 cm;190.0;5;b43dfca7-2341-11ee-b899-3c9c0f728f90;b44d0a15-2341-11ee-91fb-3c9c0f728f90;b45719f9-2341-11ee-8f8c-3c9c0f728f90
21999.0;4.3;927;Out of stock.;0.9 x 7.6 x 16.4 cm;196.0;5;b43dfcaa-2341-11ee-8754-3c9c0f728f90;b44d0a21-2341-11ee-97f2-3c9c0f728f90;b45719fa-2341-11ee-99c0-3c9c0f728f90
32999.0;4.3;2;In stock.;16 x 0.8 x 7.5 cm;198.0;2;b43dfca3-2341-11ee-9fdf-3c9c0f728f90;b44d0a28-2341-11ee-b13f-3c9c0f728f90;b45719fb-2341-11ee-95f3-3c9c0f728f90
7499.0;4.2;67307;In stock on August 26 2021.;17.78 x 7.62 x 6.35 cm;180.0;29;b43dfca4-2341-11ee-bf6d-3c9c0f728f90;b44d0a15-2341-11ee-91fb-3c9c0f728f90;b45719fc-2341-11ee-acd9-3c9c0f728f90
31929.0;4.2;2;In stock.;16.5 x 0.9 x 7.7 cm;193.0;17;b43dfcab-2341-11ee-9194-3c9c0f728f90;b44d3143-2341-11ee-9f0a-3c9c0f728f90;b45719fd-2341-11ee-905a-3c9c0f728f90
34990.0;4.3;25;Out of stock.;15.5 x 7.5 x 0.8 cm;185.0;5;b43dfca8-2341-11ee-a0bd-3c9c0f728f90;b44d0a03-2341-11ee-bcf4-3c9c0f728f90;b45719fe-2341-11ee-b93c-3c9c0f728f90
20990.0;4.3;66356;In stock.;16 x 7.3 x 0.8 cm;199.0;6;b43dfca1-2341-11ee-8e8b-3c9c0f728f90;b44d3144-2341-11ee-922f-3c9c0f728f90;b45719ff-2341-11ee-afd7-3c9c0f728f90
25000.0;3.6;27;In stock.;16 x 7.3 x 0.8 cm;199.0;4;b43dfc9f-2341-11ee-bbca-3c9c0f728f90;b44d0a04-2341-11ee-85a9-3c9c0f728f90;b4571a00-2341-11ee-a2b3-3c9c0f728f90
39999.0;4.3;2334;In stock.;16.9 x 0.9 x 7.6 cm;193.0;1;b43dfca0-2341-11ee-98c7-3c9c0f728f90;b44d313d-2341-11ee-99bf-3c9c0f728f90;b4571a01-2341-11ee-84fd-3c9c0f728f90
37990.0;4.1;871;In stock.;16.1 x 0.9 x 7.7 cm;176.0;2;b43dfc9f-2341-11ee-bbca-3c9c0f728f90;b44d0a2a-2341-11ee-9fe9-3c9c0f728f90;b4571a02-2341-11ee-b955-3c9c0f728f90
39999.0;4.3;65796;In stock.;16.3 x 7.6 x 0.85 cm;186.0;12;b43dfc9f-2341-11ee-bbca-3c9c0f728f90;b44d0a13-2341-11ee-8fcb-3c9c0f728f90;b4571a03-2341-11ee-84a4-3c9c0f728f90
39990.0;4.2;51;In stock on August 27 2021.;16.4 x 0.8 x 7.6 cm;188.0;5;b43dfca8-2341-11ee-a0bd-3c9c0f728f90;b44d3145-2341-11ee-9d57-3c9c0f728f90;b4571a04-2341-11ee-af1f-3c9c0f728f90
43999.0;3.4;25;Only 1 left in stock.;10 x 5 x 5 cm;700.0;13;b43dfca0-2341-11ee-98c7-3c9c0f728f90;b44d0a16-2341-11ee-a822-3c9c0f728f90;b4571a05-2341-11ee-82bf-3c9c0f728f90
25999.0;4.1;20994;In stock.;16.5 x 0.9 x 7.7 cm;218.0;12;b43dfca8-2341-11ee-a0bd-3c9c0f728f90;b44d0a1b-2341-11ee-803f-3c9c0f728f90;b4571a06-2341-11ee-a557-3c9c0f728f90
4519.0;3.7;985;In stock.;16.5 x 0.8 x 7.6 cm;180.0;35;b43dfca8-2341-11ee-a0bd-3c9c0f728f90;b44d0a0f-2341-11ee-82d9-3c9c0f728f90;b4571a07-2341-11ee-a917-3c9c0f728f90
41999.0;3.7;49080;Out of stock.;16.5 x 7.6 x 1 cm;192.0;2;b43dfca8-2341-11ee-a0bd-3c9c0f728f90;b44d0a15-2341-11ee-91fb-3c9c0f728f90;b4571a08-2341-11ee-8413-3c9c0f728f90
6499.0;4.2;270;Out of stock.;16.2 x 7.5 x 0.9 cm;188.0;2;b43dfcab-2341-11ee-9194-3c9c0f728f90;b44d0a01-2341-11ee-b396-3c9c0f728f90;b4571a09-2341-11ee-a0f7-3c9c0f728f90
8590.0;4.2;14;In stock.;18.5 x 9.91 x 4.83 cm;185.5;15;b43dfca1-2341-11ee-8e8b-3c9c0f728f90;b44d0a15-2341-11ee-91fb-3c9c0f728f90;b4571a0a-2341-11ee-974a-3c9c0f728f90
59999.0;4.5;2194;In stock.;16.5 x 7.6 x 0.7 cm;183.0;1;b43dfca1-2341-11ee-8e8b-3c9c0f728f90;b44d0a03-2341-11ee-bcf4-3c9c0f728f90;b4571a0b-2341-11ee-9e99-3c9c0f728f90
22990.0;4.1;3623;In stock.;0.9 x 7.6 x 16.4 cm;196.0;11;b43dfca8-2341-11ee-a0bd-3c9c0f728f90;b44d313f-2341-11ee-869c-3c9c0f728f90;b4571a0c-2341-11ee-ae84-3c9c0f728f90
20990.0;4.2;13703;Out of stock.;16.5 x 7.6 x 1 cm;207.0;8;b43dfca4-2341-11ee-bf6d-3c9c0f728f90;b44d3146-2341-11ee-8973-3c9c0f728f90;b4571a0d-2341-11ee-afc2-3c9c0f728f90
20990.0;4.2;2334;In stock.;16 x 7.5 x 0.7 cm;300.0;16;b43dfca4-2341-11ee-bf6d-3c9c0f728f90;b44d0a08-2341-11ee-87f0-3c9c0f728f90;b4571a0e-2341-11ee-9124-3c9c0f728f90
33990.0;4.6;86;Only 1 left in stock.;16 x 7.3 x 0.8 cm;196.0;7;b43dfca1-2341-11ee-8e8b-3c9c0f728f90;b44d3147-2341-11ee-b5c7-3c9c0f728f90;b4571a0f-2341-11ee-bd4b-3c9c0f728f90
39999.0;4.1;1396;In stock.;15.9 x 0.9 x 7.4 cm;154.0;4;b43dfc9f-2341-11ee-bbca-3c9c0f728f90;b44d313c-2341-11ee-9ad0-3c9c0f728f90;b4571a10-2341-11ee-bf04-3c9c0f728f90
36999.0;4.1;4986;In stock.;16.2 x 7.5 x 0.9 cm;157.0;2;b43dfca8-2341-11ee-a0bd-3c9c0f728f90;b44d0a15-2341-11ee-91fb-3c9c0f728f90;b4571a11-2341-11ee-879a-3c9c0f728f90
37000.0;4.3;2705;In stock.;0.84 x 7.45 x 15.98 cm;173.0;5;b43dfcab-2341-11ee-9194-3c9c0f728f90;b44d0a04-2341-11ee-85a9-3c9c0f728f90;b4571a12-2341-11ee-9b85-3c9c0f728f90
20499.0;2.9;3814;Only 1 left in stock.;16.3 x 7.6 x 0.85 cm;175.0;15;b43dfcab-2341-11ee-9194-3c9c0f728f90;b44d3148-2341-11ee-9903-3c9c0f728f90;b4571a13-2341-11ee-98e5-3c9c0f728f90
24999.0;4.2;785;In stock on August 29 2021.;15.9 x 1 x 7.4 cm;202.0;35;b43dfca1-2341-11ee-8e8b-3c9c0f728f90;b44d0a0a-2341-11ee-9eb2-3c9c0f728f90;b4571a14-2341-11ee-876d-3c9c0f728f90
20907.6;4.0;354;In stock on August 23 2021.;16.2 x 1 x 7.7 cm;203.0;2;b43dfca0-2341-11ee-98c7-3c9c0f728f90;b44d0a15-2341-11ee-91fb-3c9c0f728f90;b4571a15-2341-11ee-8a4a-3c9c0f728f90
37698.0;3.8;19;In stock.;0.9 x 7.6 x 16.4 cm;188.0;6;b43dfc9f-2341-11ee-bbca-3c9c0f728f90;b44d0a0b-2341-11ee-bcd5-3c9c0f728f90;b4571a16-2341-11ee-ba9f-3c9c0f728f90
3995.0;3.9;952;In stock.;16.3 x 7.6 x 0.85 cm;206.0;5;b43dfcad-2341-11ee-ab07-3c9c0f728f90;b44d313c-2341-11ee-9ad0-3c9c0f728f90;b4571a17-2341-11ee-bf42-3c9c0f728f90
21670.0;3.0;3;In stock.;16.5 x 7.6 x 1 cm;196.0;7;b43dfcae-2341-11ee-97a1-3c9c0f728f90;b44d0a05-2341-11ee-b332-3c9c0f728f90;b4571a18-2341-11ee-8e13-3c9c0f728f90
24199.0;4.0;60;In stock.;16.5 x 7.6 x 1 cm;210.0;26;b43dfc9f-2341-11ee-bbca-3c9c0f728f90;b44d0a02-2341-11ee-b844-3c9c0f728f90;b4571a19-2341-11ee-b69a-3c9c0f728f90
8999.0;4.3;986;In stock.;0.9 x 7.6 x 16.4 cm;193.0;4;b43dfca3-2341-11ee-9fdf-3c9c0f728f90;b44d0a2f-2341-11ee-ab80-3c9c0f728f90;b4571a1a-2341-11ee-b77a-3c9c0f728f90
19990.0;3.9;943;In stock.;16.6 x 0.9 x 7.7 cm;190.0;2;b43dfca8-2341-11ee-a0bd-3c9c0f728f90;b44d0a0f-2341-11ee-82d9-3c9c0f728f90;b4571a1b-2341-11ee-b613-3c9c0f728f90
31990.0;4.4;77740;In stock.;15.9 x 0.8 x 7.4 cm;192.0;35;b43dfcab-2341-11ee-9194-3c9c0f728f90;b44d0a0a-2341-11ee-9eb2-3c9c0f728f90;b4571a1c-2341-11ee-b676-3c9c0f728f90
5498.0;4.1;388;In stock.;16 x 0.8 x 7.5 cm;203.0;8;b43dfca9-2341-11ee-a0e9-3c9c0f728f90;b44d0a02-2341-11ee-b844-3c9c0f728f90;b4571a1d-2341-11ee-aba4-3c9c0f728f90
20960.0;4.4;70126;In stock on August 25 2021.;16.1 x 0.8 x 7.4 cm;170.0;35;b43dfc9f-2341-11ee-bbca-3c9c0f728f90;b44d0a15-2341-11ee-91fb-3c9c0f728f90;b4571a1e-2341-11ee-ad28-3c9c0f728f90
47999.0;3.9;86;Only 2 left in stock.;15.85 x 7.33 x 0.84 cm;450.0;16;b43dfca4-2341-11ee-bf6d-3c9c0f728f90;b44d0a28-2341-11ee-b13f-3c9c0f728f90;b4571a1f-2341-11ee-8ca6-3c9c0f728f90
7999.0;4.2;33;In stock.;15.9 x 7.4 x 0.8 cm;181.0;5;b43dfcbb-2341-11ee-8db9-3c9c0f728f90;b44d0a0b-2341-11ee-bcd5-3c9c0f728f90;b4571a20-2341-11ee-8181-3c9c0f728f90
37990.0;4.2;2214;In stock.;16 x 7.3 x 0.8 cm;186.0;11;b43dfc9f-2341-11ee-bbca-3c9c0f728f90;b44d0a0c-2341-11ee-a8e3-3c9c0f728f90;b4571a21-2341-11ee-9659-3c9c0f728f90
34990.0;3.9;927;In stock.;15.9 x 7.3 x 0.8 cm;157.0;5;b43dfc9f-2341-11ee-bbca-3c9c0f728f90;b44d0a15-2341-11ee-91fb-3c9c0f728f90;b4571a22-2341-11ee-bbc9-3c9c0f728f90
39999.0;3.4;39;In stock.;0.8 x 7.4 x 16.1 cm;114.0;5;b43dfc9f-2341-11ee-bbca-3c9c0f728f90;b44d0a0f-2341-11ee-82d9-3c9c0f728f90;b4571a23-2341-11ee-96af-3c9c0f728f90
11499.0;4.0;4;In stock.;18.5 x 9.91 x 4.83 cm;161.0;4;b43dfca8-2341-11ee-a0bd-3c9c0f728f90;b44d0a12-2341-11ee-b674-3c9c0f728f90;b4571a24-2341-11ee-8915-3c9c0f728f90
17999.0;4.2;927;In stock.;16.2 x 7.6 x 0.9 cm;196.0;7;b43dfca4-2341-11ee-bf6d-3c9c0f728f90;b44d0a04-2341-11ee-85a9-3c9c0f728f90;b4571a25-2341-11ee-b2fc-3c9c0f728f90
12999.0;4.2;4986;In stock.;16.5 x 0.9 x 7.7 cm;179.0;4;b43dfcbc-2341-11ee-a71e-3c9c0f728f90;b44d3149-2341-11ee-a2e8-3c9c0f728f90;b4571a26-2341-11ee-841b-3c9c0f728f90
19999.0;3.1;11236;In stock.;16.39 x 7.53 x 0.85 cm;194.0;32;b43dfcba-2341-11ee-a666-3c9c0f728f90;b44d0a1c-2341-11ee-af77-3c9c0f728f90;b4571a27-2341-11ee-9adf-3c9c0f728f90
8999.0;4.2;78;In stock.;0.8 x 7.4 x 16.7 cm;170.0;5;b43dfcbd-2341-11ee-b9b2-3c9c0f728f90;b44d313f-2341-11ee-869c-3c9c0f728f90;b4571a28-2341-11ee-b597-3c9c0f728f90
41999.0;4.1;43;In stock on August 31 2021.;16.1 x 0.9 x 7.6 cm;188.0;4;b43dfca4-2341-11ee-bf6d-3c9c0f728f90;b44d0a03-2341-11ee-bcf4-3c9c0f728f90;b4571a29-2341-11ee-bfc0-3c9c0f728f90
10499.0;4.2;1;In stock on August 23 2021.;16.1 x 7.6 x 0.9 cm;205.0;1;b43dfcb4-2341-11ee-b390-3c9c0f728f90;b44d0a01-2341-11ee-b396-3c9c0f728f90;b4571a2a-2341-11ee-832c-3c9c0f728f90
36990.0;4.2;44;In stock.;1.6 x 0.1 x 0.8 cm;198.0;7;b43dfca1-2341-11ee-8e8b-3c9c0f728f90;b44d0a15-2341-11ee-91fb-3c9c0f728f90;b4571a2b-2341-11ee-be81-3c9c0f728f90
23999.0;4.3;93164;In stock.;16.39 x 7.53 x 0.85 cm;190.0;21;b43dfc9f-2341-11ee-bbca-3c9c0f728f90;b44d0a15-2341-11ee-91fb-3c9c0f728f90;b4571a2c-2341-11ee-ad6f-3c9c0f728f90
41990.0;4.2;2935;Out of stock.;16.4 x 7.6 x 0.8 cm;179.0;10;b43dfca9-2341-11ee-a0e9-3c9c0f728f90;b44d0a15-2341-11ee-91fb-3c9c0f728f90;b4571a2d-2341-11ee-908d-3c9c0f728f90
32990.0;4.3;44;In stock.;16.2 x 7.5 x 0.9 cm;218.0;13;b43dfca0-2341-11ee-98c7-3c9c0f728f90;b44d0a0d-2341-11ee-943a-3c9c0f728f90;b4571a2e-2341-11ee-9e0b-3c9c0f728f90
16999.0;4.1;1238;Out of stock.;16.37 x 0.78 x 7.64 cm;191.0;10;b43dfca5-2341-11ee-841b-3c9c0f728f90;b44d0a15-2341-11ee-91fb-3c9c0f728f90;b4571a2f-2341-11ee-ab9e-3c9c0f728f90
9990.0;4.0;1;In stock.;16 x 7.4 x 0.7 cm;206.0;11;b43dfc9f-2341-11ee-bbca-3c9c0f728f90;b44d0a16-2341-11ee-a822-3c9c0f728f90;b4571a30-2341-11ee-8650-3c9c0f728f90
39999.0;4.3;1356;In stock.;0.9 x 7.6 x 16.4 cm;185.5;1;b43dfca8-2341-11ee-a0bd-3c9c0f728f90;b44d0a15-2341-11ee-91fb-3c9c0f728f90;b4571a31-2341-11ee-9ca9-3c9c0f728f90
8999.0;4.0;5264;In stock.;16.1 x 7.4 x 0.7 cm;190.0;3;b43dfca4-2341-11ee-bf6d-3c9c0f728f90;b44d3136-2341-11ee-937e-3c9c0f728f90;b4571a32-2341-11ee-ab61-3c9c0f728f90
22000.0;4.2;12;Out of stock.;16.4 x 0.9 x 7.6 cm;192.0;8;b43dfca9-2341-11ee-a0e9-3c9c0f728f90;b44d0a04-2341-11ee-85a9-3c9c0f728f90;b4571a33-2341-11ee-b794-3c9c0f728f90
15999.0;4.3;2935;In stock.;16.9 x 0.9 x 7.6 cm;400.0;11;b43dfcbe-2341-11ee-9a31-3c9c0f728f90;b44d0a06-2341-11ee-819c-3c9c0f728f90;b4571a34-2341-11ee-b84a-3c9c0f728f90
34999.0;3.8;11624;In stock.;15.9 x 0.8 x 7.3 cm;205.0;8;b43dfcb1-2341-11ee-baa4-3c9c0f728f90;b44d313f-2341-11ee-869c-3c9c0f728f90;b4571a35-2341-11ee-bdab-3c9c0f728f90
14999.0;1.0;1;In stock.;0.9 x 7.4 x 15.9 cm;192.0;5;b43dfcab-2341-11ee-9194-3c9c0f728f90;b44d0a0b-2341-11ee-bcd5-3c9c0f728f90;b4571a36-2341-11ee-b092-3c9c0f728f90
24990.0;4.1;65796;In stock.;16.1 x 0.8 x 7.4 cm;185.5;5;b43dfca4-2341-11ee-bf6d-3c9c0f728f90;b44d0a16-2341-11ee-a822-3c9c0f728f90;b4571a37-2341-11ee-b3d1-3c9c0f728f90
9999.0;4.2;1405;In stock.;16.45 x 7.59 x 0.98 cm;156.0;5;b43dfca4-2341-11ee-bf6d-3c9c0f728f90;b44d0a11-2341-11ee-b3a5-3c9c0f728f90;b4571a38-2341-11ee-aedd-3c9c0f728f90
35990.0;4.4;833;Only 2 left in stock.;0.9 x 7.4 x 15.9 cm;170.0;4;b43dfca9-2341-11ee-a0e9-3c9c0f728f90;b44d0a0f-2341-11ee-82d9-3c9c0f728f90;b4571a39-2341-11ee-b3ac-3c9c0f728f90
10499.0;3.0;1340;Out of stock.;16 x 0.8 x 7.3 cm;170.0;6;b43dfca4-2341-11ee-bf6d-3c9c0f728f90;b44d0a0f-2341-11ee-82d9-3c9c0f728f90;b4571a3a-2341-11ee-a33b-3c9c0f728f90
8499.0;3.1;539;In stock.;16 x 0.8 x 7.3 cm;188.0;8;b43dfca4-2341-11ee-bf6d-3c9c0f728f90;b44d0a08-2341-11ee-87f0-3c9c0f728f90;b4571a3b-2341-11ee-827a-3c9c0f728f90
20990.0;4.5;2935;In stock on August 28 2021.;16 x 0.8 x 7.5 cm;185.5;5;b43dfca6-2341-11ee-a69e-3c9c0f728f90;b44d0a02-2341-11ee-b844-3c9c0f728f90;b4571a3c-2341-11ee-b614-3c9c0f728f90
17990.0;5.0;2041;In stock.;16.3 x 7.6 x 0.85 cm;198.0;6;b43dfc9f-2341-11ee-bbca-3c9c0f728f90;b44d314a-2341-11ee-8001-3c9c0f728f90;b4571a3d-2341-11ee-9bbf-3c9c0f728f90
44999.0;3.4;2705;Only 1 left in stock.;16.5 x 0.8 x 7.6 cm;161.0;5;b43dfc9f-2341-11ee-bbca-3c9c0f728f90;b44d314b-2341-11ee-81d2-3c9c0f728f90;b4571a3e-2341-11ee-aeb2-3c9c0f728f90
44990.0;4.2;2463;In stock.;16.39 x 7.53 x 0.85 cm;205.0;32;b43dfca9-2341-11ee-a0e9-3c9c0f728f90;b44d0a24-2341-11ee-9d14-3c9c0f728f90;b4571a3f-2341-11ee-8c59-3c9c0f728f90
43999.0;4.2;1238;In stock.;0.77 x 7.32 x 15.86 cm;173.0;28;b43dfcad-2341-11ee-ab07-3c9c0f728f90;b44d0a1e-2341-11ee-9076-3c9c0f728f90;b4571a40-2341-11ee-b5f4-3c9c0f728f90
13990.0;4.2;85525;Out of stock.;16.5 x 0.9 x 7.7 cm;172.0;6;b43dfca9-2341-11ee-a0e9-3c9c0f728f90;b44d0a26-2341-11ee-b6fa-3c9c0f728f90;b4571a41-2341-11ee-94a8-3c9c0f728f90
12999.0;4.2;4986;In stock.;16 x 7.4 x 0.7 cm;198.0;10;b43dfca0-2341-11ee-98c7-3c9c0f728f90;b44d0a1c-2341-11ee-af77-3c9c0f728f90;b4571a42-2341-11ee-a43d-3c9c0f728f90
30188.0;4.2;1396;Only 1 left in stock.;16.5 x 0.9 x 7.7 cm;190.0;20;b43dfca4-2341-11ee-bf6d-3c9c0f728f90;b44d0a15-2341-11ee-91fb-3c9c0f728f90;b4571a43-2341-11ee-aa7e-3c9c0f728f90
